tokenId,owner
"0","0x977CDC69bB2b15f812430897379977397B9Cd6FE"
"1","0x977CDC69bB2b15f812430897379977397B9Cd6FE"
"2","0x977CDC69bB2b15f812430897379977397B9Cd6FE"
"3","0x5Fc7320A5b62C78f3EBFAAc7Cd6EE79e67537AaB"
"4","0x5Fc7320A5b62C78f3EBFAAc7Cd6EE79e67537AaB"
"5","0x5Fc7320A5b62C78f3EBFAAc7Cd6EE79e67537AaB"
"6","0xD519D74Bbc581eA6b7eADCB7cA4Cc77B5feb4E81"
"7","0xD519D74Bbc581eA6b7eADCB7cA4Cc77B5feb4E81"
"8","0xD519D74Bbc581eA6b7eADCB7cA4Cc77B5feb4E81"
"9","0xD519D74Bbc581eA6b7eADCB7cA4Cc77B5feb4E81"
"10","0xD519D74Bbc581eA6b7eADCB7cA4Cc77B5feb4E81"
"11","0x3ED479daF6474CfF1EF272e033D4b12a3EAae53B"
"12","0xF066E0A76B9a5B2a10Cb29a546bc671CB042CDFD"
"13","0xF066E0A76B9a5B2a10Cb29a546bc671CB042CDFD"
"14","0xF066E0A76B9a5B2a10Cb29a546bc671CB042CDFD"
"15","0xfE3ff831587789EFD885d2Acb02D79118A3dBdAf"
"16","0xfE3ff831587789EFD885d2Acb02D79118A3dBdAf"
"17","0xfE3ff831587789EFD885d2Acb02D79118A3dBdAf"
"18","0xfE3ff831587789EFD885d2Acb02D79118A3dBdAf"
"19","0xfE3ff831587789EFD885d2Acb02D79118A3dBdAf"
"20","0xf3b9916A6AC8d6715Acc3f73bE831F720b9d201b"
"21","0xf3b9916A6AC8d6715Acc3f73bE831F720b9d201b"
"22","0xf3b9916A6AC8d6715Acc3f73bE831F720b9d201b"
"23","0x1fD4d24CCBFEAD52ebCe4d27174A49CfDaf07160"
"24","0xD09b4A5A0Eca275f4481122fBFa439480078D477"
"25","0x26C2Faa5e682B92598DEB6Ace1eF17A48624CD81"
"26","0x3655ab8693dE83cCCBea2b67E0a65C6f3a5ec3aE"
"27","0xF1351d19208CD68469d79A71EC6C0F005F9D1806"
"28","0xF1351d19208CD68469d79A71EC6C0F005F9D1806"
"29","0xF1351d19208CD68469d79A71EC6C0F005F9D1806"
"30","0x2D155850E06404B46771C062Ad60A234F9eB0a6B"
"31","0x2D155850E06404B46771C062Ad60A234F9eB0a6B"
"32","0x2D155850E06404B46771C062Ad60A234F9eB0a6B"
"33","0x2D155850E06404B46771C062Ad60A234F9eB0a6B"
"34","0x7dbcdbE7b3925f76531e8083374608ff0D55D1df"
"35","0x7dbcdbE7b3925f76531e8083374608ff0D55D1df"
"36","0x7dbcdbE7b3925f76531e8083374608ff0D55D1df"
"37","0x7E745dc24e19B37D16F03D17d436572bab399fe0"
"38","0x7E745dc24e19B37D16F03D17d436572bab399fe0"
"39","0x7E745dc24e19B37D16F03D17d436572bab399fe0"
"40","0x7E745dc24e19B37D16F03D17d436572bab399fe0"
"41","0x7E745dc24e19B37D16F03D17d436572bab399fe0"
"42","0x7E745dc24e19B37D16F03D17d436572bab399fe0"
"43","0x7E745dc24e19B37D16F03D17d436572bab399fe0"
"44","0xaB37fEFeDA41dFF732F04F25c830d3e378AEF2F3"
"45","0xaB37fEFeDA41dFF732F04F25c830d3e378AEF2F3"
"46","0xaB37fEFeDA41dFF732F04F25c830d3e378AEF2F3"
"47","0x62F72cc0DC54fECb2Fd51f91dcFD8c24865C31Ae"
"48","0x14B635FF107535dFB8C080BAC547527d543AEd23"
"49","0xF066E0A76B9a5B2a10Cb29a546bc671CB042CDFD"
"50","0x41a2ceaD6C4B2b226E61456d2da4D9088a15D708"
"51","0xAf799f8Aa491D5f8287FE41ff59D9eB555249dC2"
"52","0x8A4dBF841dC26a10E4C60Dc98162A90bE30dD568"
"53","0x99Dd9dd4430A8b66Cf2B7face67768D875fAa3d2"
"54","0x99Dd9dd4430A8b66Cf2B7face67768D875fAa3d2"
"55","0x99Dd9dd4430A8b66Cf2B7face67768D875fAa3d2"
"56","0x99Dd9dd4430A8b66Cf2B7face67768D875fAa3d2"
"57","0x99Dd9dd4430A8b66Cf2B7face67768D875fAa3d2"
"58","0x7dbcdbE7b3925f76531e8083374608ff0D55D1df"
"59","0x8A4dBF841dC26a10E4C60Dc98162A90bE30dD568"
"60","0x1d685fF5EBdced1B8bBfF9f99fD3bF07A96780B5"
"61","0xaC6D2FE0167E93ffC167B50A9A6CBb6Cb955a4Bd"
"62","0xaC6D2FE0167E93ffC167B50A9A6CBb6Cb955a4Bd"
"63","0xaC6D2FE0167E93ffC167B50A9A6CBb6Cb955a4Bd"
"64","0x9227C0418D3EED05dD5733959196730AC6186011"
"65","0x9227C0418D3EED05dD5733959196730AC6186011"
"66","0x9227C0418D3EED05dD5733959196730AC6186011"
"67","0xe0473E0f51E6A6d66F2f9E6647C36d20e0f573D3"
"68","0x4ce851d60E494532966c1e60653186E3924F0CD3"
"69","0x4ce851d60E494532966c1e60653186E3924F0CD3"
"70","0x4ce851d60E494532966c1e60653186E3924F0CD3"
"71","0xaC6D2FE0167E93ffC167B50A9A6CBb6Cb955a4Bd"
"72","0x16d97008622473e4c1324d1e6D4Fa15eB89D0725"
"73","0x16d97008622473e4c1324d1e6D4Fa15eB89D0725"
"74","0x16d97008622473e4c1324d1e6D4Fa15eB89D0725"
"75","0x16d97008622473e4c1324d1e6D4Fa15eB89D0725"
"76","0x16d97008622473e4c1324d1e6D4Fa15eB89D0725"
"77","0x16d97008622473e4c1324d1e6D4Fa15eB89D0725"
"78","0x16d97008622473e4c1324d1e6D4Fa15eB89D0725"
"79","0x69e7acE49123FC3A89B06929FFa317F9A4244cee"
"80","0x8Cf1136b44cA23201723f34FF31aDa9a2326c00F"
"81","0x96289abCF3da03BBc20123015fdAca1E414C73D1"
"82","0x96289abCF3da03BBc20123015fdAca1E414C73D1"
"83","0x96289abCF3da03BBc20123015fdAca1E414C73D1"
"84","0x69e7acE49123FC3A89B06929FFa317F9A4244cee"
"85","0xF066E0A76B9a5B2a10Cb29a546bc671CB042CDFD"
"86","0x072E7ad48a71EEfe840F8b08a9d810349F5fF201"
"87","0x072E7ad48a71EEfe840F8b08a9d810349F5fF201"
"88","0x072E7ad48a71EEfe840F8b08a9d810349F5fF201"
"89","0x072E7ad48a71EEfe840F8b08a9d810349F5fF201"
"90","0x072E7ad48a71EEfe840F8b08a9d810349F5fF201"
"91","0xB940a48d485Dc905A462dd56856f826A84fbD3A3"
"92","0x85B7aF5555a75f70f27B24c1bB090B94f5fD33BC"
"93","0x3655ab8693dE83cCCBea2b67E0a65C6f3a5ec3aE"
"94","0x4E7E3745cb2609e0284F2D9488703D608F40Fe98"
"95","0xfDfF00060EbABb6bE350c1E6A87a871d86c60328"
"96","0xBe6A72db9de5E65E460A60BcBCf69b2177325489"
"97","0x072E7ad48a71EEfe840F8b08a9d810349F5fF201"
"98","0x8865E26b536AEd834e71547D1A1e414A337CE112"
"99","0xBeCa1fA49fCBf2aaCbcD20c0C44cf6090A0606ab"
"100","0x9227C0418D3EED05dD5733959196730AC6186011"
"101","0x4ca4Aeed145EfA30310FBFE0e7918B16b5b1A36A"
"102","0x4ca4Aeed145EfA30310FBFE0e7918B16b5b1A36A"
"103","0x4ca4Aeed145EfA30310FBFE0e7918B16b5b1A36A"
"104","0x4ca4Aeed145EfA30310FBFE0e7918B16b5b1A36A"
"105","0x4ca4Aeed145EfA30310FBFE0e7918B16b5b1A36A"
"106","0x3cb1568DA4AC6A515e55AD0ef2eADEe8d2bc8eCa"
"107","0x3cb1568DA4AC6A515e55AD0ef2eADEe8d2bc8eCa"
"108","0xB1FFf80AA0a35b3D1448A794DB44d444f2Ed17ac"
"109","0xB1FFf80AA0a35b3D1448A794DB44d444f2Ed17ac"
"110","0xB1FFf80AA0a35b3D1448A794DB44d444f2Ed17ac"
"111","0xB1FFf80AA0a35b3D1448A794DB44d444f2Ed17ac"
"112","0xB1FFf80AA0a35b3D1448A794DB44d444f2Ed17ac"
"113","0x623B59F256ec030BEdc09f86a92D6ebbDcc318Db"
"114","0x623B59F256ec030BEdc09f86a92D6ebbDcc318Db"
"115","0x623B59F256ec030BEdc09f86a92D6ebbDcc318Db"
"116","0x1fD4d24CCBFEAD52ebCe4d27174A49CfDaf07160"
"117","0x6C2Cdc489157062A436Cc958079A83370bE1B0f8"
"118","0xd6926516db4a5B14b003D1a0f9eAeb5cdB81582B"
"119","0x10896fFDE093bc97ef179BCbc3E1b357dF7a6C63"
"120","0x10896fFDE093bc97ef179BCbc3E1b357dF7a6C63"
"121","0x10896fFDE093bc97ef179BCbc3E1b357dF7a6C63"
"122","0x10896fFDE093bc97ef179BCbc3E1b357dF7a6C63"
"123","0x10896fFDE093bc97ef179BCbc3E1b357dF7a6C63"
"124","0x10896fFDE093bc97ef179BCbc3E1b357dF7a6C63"
"125","0x10896fFDE093bc97ef179BCbc3E1b357dF7a6C63"
"126","0x8d23B911aefeb9020943332495e167D4dD1cc5F5"
"127","0x4E045811b252fb4d438b1B2aF4E939A58492CfA5"
"128","0xa351EC9d2Bc46fa9030EedB069A96757D406E06A"
"129","0xa351EC9d2Bc46fa9030EedB069A96757D406E06A"
"130","0xa351EC9d2Bc46fa9030EedB069A96757D406E06A"
"131","0x3B4Cf900e6E75215219080ffE862C1B2b408B90f"
"132","0xF84642dae8710bc395aa238D2bcB88CC2a847ead"
"133","0xF84642dae8710bc395aa238D2bcB88CC2a847ead"
"134","0xF84642dae8710bc395aa238D2bcB88CC2a847ead"
"135","0xF84642dae8710bc395aa238D2bcB88CC2a847ead"
"136","0xF84642dae8710bc395aa238D2bcB88CC2a847ead"
"137","0xF84642dae8710bc395aa238D2bcB88CC2a847ead"
"138","0xF84642dae8710bc395aa238D2bcB88CC2a847ead"
"139","0xbDF0d29d2d72c3784fcAaBa5ce5DDF6e48CB12b4"
"140","0xbDF0d29d2d72c3784fcAaBa5ce5DDF6e48CB12b4"
"141","0xbDF0d29d2d72c3784fcAaBa5ce5DDF6e48CB12b4"
"142","0xbDF0d29d2d72c3784fcAaBa5ce5DDF6e48CB12b4"
"143","0xbDF0d29d2d72c3784fcAaBa5ce5DDF6e48CB12b4"
"144","0xbDF0d29d2d72c3784fcAaBa5ce5DDF6e48CB12b4"
"145","0xbDF0d29d2d72c3784fcAaBa5ce5DDF6e48CB12b4"
"146","0xec285fd47f9493B93336fd89b8c5f125FB12836a"
"147","0xE5f610E01F4aE824E5C605c0DdBD39c1A26C6298"
"148","0xE5f610E01F4aE824E5C605c0DdBD39c1A26C6298"
"149","0xec285fd47f9493B93336fd89b8c5f125FB12836a"
"150","0xE5f610E01F4aE824E5C605c0DdBD39c1A26C6298"
"151","0xE5f610E01F4aE824E5C605c0DdBD39c1A26C6298"
"152","0xE5f610E01F4aE824E5C605c0DdBD39c1A26C6298"
"153","0x72E78a249138a4B951C4e3EA10C4637F7db3d902"
"154","0x72E78a249138a4B951C4e3EA10C4637F7db3d902"
"155","0x72E78a249138a4B951C4e3EA10C4637F7db3d902"
"156","0x72E78a249138a4B951C4e3EA10C4637F7db3d902"
"157","0x72E78a249138a4B951C4e3EA10C4637F7db3d902"
"158","0x4dE7EDA98106398BD802480bb60a2E14b6aa5a7F"
"159","0x13ef80A438ea208bc78eedA3c418Bb53534F004E"
"160","0x13ef80A438ea208bc78eedA3c418Bb53534F004E"
"161","0x13ef80A438ea208bc78eedA3c418Bb53534F004E"
"162","0xfCeeb7954b072Cc556C9Dc9F05E9226cBa83100A"
"163","0x14c5677aa61DFdda434055EEC640B433eAe689bE"
"164","0x3fdeE5F6f4FdCB7f3Ea1ABa0D4Af342cE3B0B391"
"165","0x3B4Cf900e6E75215219080ffE862C1B2b408B90f"
"166","0xeF8E6223B15ac70028De47e54d792a5333D90204"
"167","0x0E9AdB18BB648eb446503C5b8E38FdCA36D59810"
"168","0x0E9AdB18BB648eb446503C5b8E38FdCA36D59810"
"169","0x0E9AdB18BB648eb446503C5b8E38FdCA36D59810"
"170","0x0E9AdB18BB648eb446503C5b8E38FdCA36D59810"
"171","0x0E9AdB18BB648eb446503C5b8E38FdCA36D59810"
"172","0x0E9AdB18BB648eb446503C5b8E38FdCA36D59810"
"173","0x0E9AdB18BB648eb446503C5b8E38FdCA36D59810"
"174","0x470Ed2058a8d23bb682F4d0Dd8DCA913A93208A0"
"175","0x470Ed2058a8d23bb682F4d0Dd8DCA913A93208A0"
"176","0x470Ed2058a8d23bb682F4d0Dd8DCA913A93208A0"
"177","0xB1FFf80AA0a35b3D1448A794DB44d444f2Ed17ac"
"178","0xBe6A72db9de5E65E460A60BcBCf69b2177325489"
"179","0xBeCa1fA49fCBf2aaCbcD20c0C44cf6090A0606ab"
"180","0xB1FFf80AA0a35b3D1448A794DB44d444f2Ed17ac"
"181","0x470Ed2058a8d23bb682F4d0Dd8DCA913A93208A0"
"182","0x72E78a249138a4B951C4e3EA10C4637F7db3d902"
"183","0xccf21b036439a691B270ED46376A428a1cEE3418"
"184","0x4E7E3745cb2609e0284F2D9488703D608F40Fe98"
"185","0xd202670bc81140bbAf9f1f83A4e116c31a0C8B7b"
"186","0x3cb1568DA4AC6A515e55AD0ef2eADEe8d2bc8eCa"
"187","0xD09b4A5A0Eca275f4481122fBFa439480078D477"
"188","0x7B8380b3EC73D2c7688de03729B6b42f2aD1Dd5B"
"189","0xa351EC9d2Bc46fa9030EedB069A96757D406E06A"
"190","0xa351EC9d2Bc46fa9030EedB069A96757D406E06A"
"191","0xa351EC9d2Bc46fa9030EedB069A96757D406E06A"
"192","0x455D5B4292FdCe4487058A2fE7C64774A35A5399"
"193","0xfE3ff831587789EFD885d2Acb02D79118A3dBdAf"
"194","0x72E78a249138a4B951C4e3EA10C4637F7db3d902"
"195","0x644f46B7981bb2cd0Fb3f95ED210D07311Bed208"
"196","0x644f46B7981bb2cd0Fb3f95ED210D07311Bed208"
"197","0x644f46B7981bb2cd0Fb3f95ED210D07311Bed208"
"198","0x644f46B7981bb2cd0Fb3f95ED210D07311Bed208"
"199","0x644f46B7981bb2cd0Fb3f95ED210D07311Bed208"
"200","0x644f46B7981bb2cd0Fb3f95ED210D07311Bed208"
"201","0x644f46B7981bb2cd0Fb3f95ED210D07311Bed208"
"202","0xBeCa1fA49fCBf2aaCbcD20c0C44cf6090A0606ab"
"203","0x928d6b6F7B7eFDe54a87a275dc32069bb8ba4597"
"204","0xAf799f8Aa491D5f8287FE41ff59D9eB555249dC2"
"205","0x3ED479daF6474CfF1EF272e033D4b12a3EAae53B"
"206","0x4E045811b252fb4d438b1B2aF4E939A58492CfA5"
"207","0x7CD4a1951A57d9715b1f5C2A47e239893D3F55d4"
"208","0x4e5F428800e2e412d0208fF872Dab573F6717e15"
"209","0x4e5F428800e2e412d0208fF872Dab573F6717e15"
"210","0x4e5F428800e2e412d0208fF872Dab573F6717e15"
"211","0x41a2ceaD6C4B2b226E61456d2da4D9088a15D708"
"212","0xAE3bcFbe9d9EC40797220eE35D0280B3926f099D"
"213","0xAE3bcFbe9d9EC40797220eE35D0280B3926f099D"
"214","0xAE3bcFbe9d9EC40797220eE35D0280B3926f099D"
"215","0x4ce851d60E494532966c1e60653186E3924F0CD3"
"216","0xB940a48d485Dc905A462dd56856f826A84fbD3A3"
"217","0xfCeeb7954b072Cc556C9Dc9F05E9226cBa83100A"
"218","0xa351EC9d2Bc46fa9030EedB069A96757D406E06A"
"219","0x623B59F256ec030BEdc09f86a92D6ebbDcc318Db"
"220","0x623B59F256ec030BEdc09f86a92D6ebbDcc318Db"
"221","0x455D5B4292FdCe4487058A2fE7C64774A35A5399"
"222","0xAE3bcFbe9d9EC40797220eE35D0280B3926f099D"
"223","0x63fa6fFCd3E2ecF8a8421387785dBc95ffb75Ff5"
"224","0x63fa6fFCd3E2ecF8a8421387785dBc95ffb75Ff5"
"225","0x63fa6fFCd3E2ecF8a8421387785dBc95ffb75Ff5"
"226","0x26C2Faa5e682B92598DEB6Ace1eF17A48624CD81"
"227","0x26C2Faa5e682B92598DEB6Ace1eF17A48624CD81"
"228","0x26C2Faa5e682B92598DEB6Ace1eF17A48624CD81"
"229","0x4a413A805a34336A64d5D5d954ec12227a11c1B8"
"230","0x63fa6fFCd3E2ecF8a8421387785dBc95ffb75Ff5"
"231","0x63fa6fFCd3E2ecF8a8421387785dBc95ffb75Ff5"
"232","0x63fa6fFCd3E2ecF8a8421387785dBc95ffb75Ff5"
"233","0x6190DB20d722c1E4c0e9c7e3C34528ECdF58097c"
"234","0xcdFf6990eFc8704f927B308bd9a6aAB020877db4"
"235","0xcdFf6990eFc8704f927B308bd9a6aAB020877db4"
"236","0xcdFf6990eFc8704f927B308bd9a6aAB020877db4"
"237","0x80713A72dff7F600BaF0eF0aca015375359de2ed"
"238","0x21687eb808F3fe92969fA1257546Eaa67200d070"
"239","0xCE41A1F46Df8d77DecF8064851faF9df9180d153"
"240","0x3C07502852Fc00986920F90A5b7a652bCe6C0d3E"
"241","0x3C07502852Fc00986920F90A5b7a652bCe6C0d3E"
"242","0x3C07502852Fc00986920F90A5b7a652bCe6C0d3E"
"243","0x3C07502852Fc00986920F90A5b7a652bCe6C0d3E"
"244","0x3C07502852Fc00986920F90A5b7a652bCe6C0d3E"
"245","0x3C07502852Fc00986920F90A5b7a652bCe6C0d3E"
"246","0x3C07502852Fc00986920F90A5b7a652bCe6C0d3E"
"247","0xE7D077c47e8b0b5798F13a000e03BE9eA267AA47"
"248","0xaCef6dffec76437682A63F7A8FDcF037F06B5B30"
"249","0xFA3cc60aE66c2b071F79a07214A352F379606EA5"
"250","0xFA3cc60aE66c2b071F79a07214A352F379606EA5"
"251","0xFA3cc60aE66c2b071F79a07214A352F379606EA5"
"252","0x76a39C40E99Ff133f4AE346E1EDF2B19ba978977"
"253","0x1af7D8e8b75EfaC13cd9a52f6F71978C798Ef8f4"
"254","0x629684410eEE2f0658961e69EA00395b4d88c085"
"255","0xEc968436BEA18168ee067F7c3b88EB43CA9F0f50"
"256","0x69b2fAa4b3aA5acC3c938DC2fDA1fF007EF7E70A"
"257","0xaa5a7fFff5e3E08d8164B90fD07b4b716556Ee52"
"258","0x122503e5f1B01996894574cD480B5ADe0d46f5E1"
"259","0x699d2E5618014385AEd09aaf4242D5844512af3B"
"260","0x699d2E5618014385AEd09aaf4242D5844512af3B"
"261","0x699d2E5618014385AEd09aaf4242D5844512af3B"
"262","0xF9f3ef9ce74E13D3B02EF2AEF221684deb83eBEA"
"263","0x7629fdF0f2DdDC0c7784D8Bbd930E7F4C95AfB4c"
"264","0xeD76dcD63e54bF80E9f726706D97D03d75cbC57E"
"265","0x1E5eCC8B6719C3aD1B9BA3A1Fd0A4029edc65B19"
"266","0x532415f633197f3a3DF23CaE7E8362ebd35b974F"
"267","0x4f13c18de38fbf490a9a496c4637931Fd508CDC7"
"268","0xE64150306b228c3043202FB7636821D56EC49763"
"269","0xdf7EE5c5E41f031470e5d6c6c2827731EC567B23"
"270","0xdf7EE5c5E41f031470e5d6c6c2827731EC567B23"
"271","0xdf7EE5c5E41f031470e5d6c6c2827731EC567B23"
"272","0xF6788AAf0d4844E725a8F5D72660bE37719E29B0"
"273","0xf0E8A9fd9E3Bb8fD4fd1975df1665659431B3923"
"274","0x13310bf8528A66cc48e69983b0cA2b5370c43ce3"
"275","0x13310bf8528A66cc48e69983b0cA2b5370c43ce3"
"276","0x13310bf8528A66cc48e69983b0cA2b5370c43ce3"
"277","0x13310bf8528A66cc48e69983b0cA2b5370c43ce3"
"278","0x13310bf8528A66cc48e69983b0cA2b5370c43ce3"
"279","0xd74d372DeaE170B57b713e60F17fD0d9b5D667Bf"
"280","0xA055B25BE7d995982ECd7bA890dB247496Eb8CC8"
"281","0xDa151D6ABFD2894de2AB721b5b203b976Ba56fBD"
"282","0x56203cA1D269E55ed073173081719Bc2193D928b"
"283","0xfdB8013Fb64370fd87420dc22B0AD2C2dD113a00"
"284","0x10896fFDE093bc97ef179BCbc3E1b357dF7a6C63"
"285","0x3E59754F58C4168C73dA2d6a40ce116dea175d7e"
"286","0x3E59754F58C4168C73dA2d6a40ce116dea175d7e"
"287","0x3E59754F58C4168C73dA2d6a40ce116dea175d7e"
"288","0x3E59754F58C4168C73dA2d6a40ce116dea175d7e"
"289","0x3E59754F58C4168C73dA2d6a40ce116dea175d7e"
"290","0xF61eBf7ABcB37fd1F6CD56775De23243d47B8942"
"291","0x280440f8909ca1421565433455ef0F03C986d168"
"292","0xF83Ea3731792118Dd515a81532b62b97dD0cC4b6"
"293","0xF83Ea3731792118Dd515a81532b62b97dD0cC4b6"
"294","0xF83Ea3731792118Dd515a81532b62b97dD0cC4b6"
"295","0xF83Ea3731792118Dd515a81532b62b97dD0cC4b6"
"296","0xF83Ea3731792118Dd515a81532b62b97dD0cC4b6"
"297","0xF83Ea3731792118Dd515a81532b62b97dD0cC4b6"
"298","0xF83Ea3731792118Dd515a81532b62b97dD0cC4b6"
"299","0xd44f43D962Bf20747eeE6f0e7FE090D3B247B128"
"300","0x96DDA10C078364928c31096B087f133989A05A5E"
"301","0x9FAF83F1C739869907aB9De218B8B4CEFA87Cce3"
"302","0xefB425409d8aF361f08Daa40c156De0baFA03feD"
"303","0x7629fdF0f2DdDC0c7784D8Bbd930E7F4C95AfB4c"
"304","0xbE82AF1dD383975f8f610e6Ff6C9B2cb9b5fAE1F"
"305","0x2581251d1c62643e12FD81E1E43a59BD1550381B"
"306","0xDf13F298a48A18C19aea7EB3251Ba47bf41Bc607"
"307","0x68E95767Feb4f1c02bF1D07EE450461C796149e8"
"308","0x729fd12A8cE62bE29fB09A0C1c66A684Ab214385"
"309","0xaB7Fd452484d926ADb326D7CfA9eDe2FABCF53C0"
"310","0x6190DB20d722c1E4c0e9c7e3C34528ECdF58097c"
"311","0x68E52045E06698a05e1004D45BCfaA4030e5d9d0"
"312","0x42e89f471E59929A3732A084beBC2CDFdFa860e5"
"313","0xF81e45fb1DEc9f4dC5D53de8cD3B139bf608885E"
"314","0xaa5a7fFff5e3E08d8164B90fD07b4b716556Ee52"
"315","0xbE82AF1dD383975f8f610e6Ff6C9B2cb9b5fAE1F"
"316","0x10896fFDE093bc97ef179BCbc3E1b357dF7a6C63"
"317","0xa522f7Efe3Eed8A73d2a48E1362b7b709dB0690B"
"318","0xF6788AAf0d4844E725a8F5D72660bE37719E29B0"
"319","0x733b4729880f173CA9480f7AF7901C2857932a83"
"320","0x2581251d1c62643e12FD81E1E43a59BD1550381B"
"321","0xeD76dcD63e54bF80E9f726706D97D03d75cbC57E"
"322","0x803876451AE690Fd8503ceDAb90c092AFa1cce77"
"323","0xE5627fF3D0953EcB8e0e57c4fC88A1bB72378756"
"324","0x92d112d0dcac2C145EdbEdE9cBa4934EE329Cd2F"
"325","0x1e720861a67B64D0F21869774A08788e7DED913B"
"326","0x1e720861a67B64D0F21869774A08788e7DED913B"
"327","0x1e720861a67B64D0F21869774A08788e7DED913B"
"328","0x8459bDcd6539738BCAf25383B23580E3c456F0ef"
"329","0x0c82b931A80f05B7441cb659A63FD19Ba8ccd913"
"330","0xC55D5C2B8FBeCEAb22F16b5212FE5Ec6FC465D32"
"331","0x0c82b931A80f05B7441cb659A63FD19Ba8ccd913"
"332","0xccf21b036439a691B270ED46376A428a1cEE3418"
"333","0xbDF0d29d2d72c3784fcAaBa5ce5DDF6e48CB12b4"
"334","0xE00e18949e23b30DAb240395300E1543EEA1684a"
"335","0x62415Cb71B46f746b22E59Def6E0533C2d4bFFaf"
"336","0x6B196Eb1187Ce7423da7641B764347dC4e5c9d3e"
"337","0x6B196Eb1187Ce7423da7641B764347dC4e5c9d3e"
"338","0x6B196Eb1187Ce7423da7641B764347dC4e5c9d3e"
"339","0x81a875365C25617Ed67baC72bbF72AF7652c8aE7"
"340","0xb9BcDd823D0C60ffb035921489557b5a7F792fE4"
"341","0x92d112d0dcac2C145EdbEdE9cBa4934EE329Cd2F"
"342","0x1e720861a67B64D0F21869774A08788e7DED913B"
"343","0x4dA909A3b1245f26E45A5786083afcB8Cd00aa74"
"344","0x2a832F77b0013238756D8b85f7d3751D942483F9"
"345","0xF81e45fb1DEc9f4dC5D53de8cD3B139bf608885E"
"346","0xEA6694Aa555BFA91b29ea34D437DF657eDf0C48D"
"347","0x2F70e011Bcec63BA0D8aCD0866B78144E3CAF099"
"348","0x96621a67398e9de7329aF30b6Fc14AdD0698625c"
"349","0x81a875365C25617Ed67baC72bbF72AF7652c8aE7"
"350","0x62415Cb71B46f746b22E59Def6E0533C2d4bFFaf"
"351","0x68E52045E06698a05e1004D45BCfaA4030e5d9d0"
"352","0xaa8475b3DC5391C586f48E725331bb172678A54f"
"353","0x13310bf8528A66cc48e69983b0cA2b5370c43ce3"
"354","0x2829F155F9e27841B718083bEa81B1d1a25639A8"
"355","0xE00e18949e23b30DAb240395300E1543EEA1684a"
"356","0x1e720861a67B64D0F21869774A08788e7DED913B"
"357","0x56203cA1D269E55ed073173081719Bc2193D928b"
"358","0x135D910Cb216B5f948927743b40925F06f0C9Ee9"
"359","0x2F03CdF71de167350b9655048c5EB895c78E446f"
"360","0x2a832F77b0013238756D8b85f7d3751D942483F9"
"361","0x733b4729880f173CA9480f7AF7901C2857932a83"
"362","0x1e720861a67B64D0F21869774A08788e7DED913B"
"363","0x9Ee63C5fe6ef260D47a57f833c7525afF3b57A1F"
"364","0x808AA3574F2f5d64f89173A72796755904ee94eC"
"365","0xE5f610E01F4aE824E5C605c0DdBD39c1A26C6298"
"366","0xE5f610E01F4aE824E5C605c0DdBD39c1A26C6298"
"367","0xE5f610E01F4aE824E5C605c0DdBD39c1A26C6298"
"368","0x8B249b2a73d1B75cf1ad0C83092dB886349E3b55"
"369","0xE5f610E01F4aE824E5C605c0DdBD39c1A26C6298"
"370","0x839c43F88e6DC7aa6755AeC6Eca90573eA480263"
"371","0xE7721Acb29D3DbD289c3AE1719e7f5B25Ec850bF"
"372","0xF71399679d486756239Db95ef95C4F87f4b2A43D"
"373","0x7C649DDE7E88d8a9D9fA5fF63Df63482Ed01D270"
"374","0x7C649DDE7E88d8a9D9fA5fF63Df63482Ed01D270"
"375","0xb1dF7695339f4E14077ADCbA780d50F2A46ea766"
"376","0x44770401A13A5eD34fBd65e06b4EB238E9bb3FC9"
"377","0x44770401A13A5eD34fBd65e06b4EB238E9bb3FC9"
"378","0x44770401A13A5eD34fBd65e06b4EB238E9bb3FC9"
"379","0x44770401A13A5eD34fBd65e06b4EB238E9bb3FC9"
"380","0x44770401A13A5eD34fBd65e06b4EB238E9bb3FC9"
"381","0x44770401A13A5eD34fBd65e06b4EB238E9bb3FC9"
"382","0x44770401A13A5eD34fBd65e06b4EB238E9bb3FC9"
"383","0xCE41A1F46Df8d77DecF8064851faF9df9180d153"
"384","0x1d685fF5EBdced1B8bBfF9f99fD3bF07A96780B5"
"385","0xEA6694Aa555BFA91b29ea34D437DF657eDf0C48D"
"386","0x9227C0418D3EED05dD5733959196730AC6186011"
"387","0xB0fC0856dEC46e107De0AE34D184F47C69A65853"
"388","0x63fa6fFCd3E2ecF8a8421387785dBc95ffb75Ff5"
"389","0xC0EBdaf5933ac22d3D71577F8873aC1b4847B14B"
"390","0xb12364fd90ED98383Cf75Ac2c0Ff82e7B6ddFf99"
"391","0x8DC3AD21B7829d7BE345d4118C98E944661bA2c6"
"392","0x042D3B218F4724AEE1f358c0A0E270eAb21144cf"
"393","0x1e720861a67B64D0F21869774A08788e7DED913B"
"394","0x1e720861a67B64D0F21869774A08788e7DED913B"
"395","0x1e720861a67B64D0F21869774A08788e7DED913B"
"396","0xADA976Bca2D1A86fA472f8291041a74CAdb12A78"
"397","0x60D4F94F8323c4EcC535156419cE7549B4D59c56"
"398","0x42968B4dA99bb4817dC6aBeEf440Ef10b394F72f"
"399","0xEA6694Aa555BFA91b29ea34D437DF657eDf0C48D"
"400","0x59Da9E150f3Bdd3181052b2e0195412402240741"
"401","0x699d2E5618014385AEd09aaf4242D5844512af3B"
"402","0xc18aCA6a322426973045249BC2D6660Df7D89A1a"
"403","0xC81F9cC597b2e7C20b18359b3A5E243e721217f3"
"404","0xC81F9cC597b2e7C20b18359b3A5E243e721217f3"
"405","0xE0CE902F8dda804f4FbF56F7832a487fBF4bFdD4"
"406","0xB00DbfB0FB1a80960b29179Eb2E96106E6426efD"
"407","0x42689975E24d9F1f146BB75D3809b2b3Ee100d35"
"408","0x18539A79721931B700B2825b90372d9cfAE33202"
"409","0x6c2c7b7c08A48F6B9AF28069d83b8606F9b47B0f"
"410","0x7E745dc24e19B37D16F03D17d436572bab399fe0"
"411","0x7E745dc24e19B37D16F03D17d436572bab399fe0"
"412","0x7E745dc24e19B37D16F03D17d436572bab399fe0"
"413","0x791497aD3a2352EB4199fE208725838c00250475"
"414","0x69faFAA9c79CA7166a58b610c6D3Ab2553f28d49"
"415","0x35Fa4937c0112b2D6e700FFA859F5eEA3cAD3845"
"416","0xcdFf6990eFc8704f927B308bd9a6aAB020877db4"
"417","0xE5060c7B93AbcD6bCbE7B62E5A69bd69fFEAF1c5"
"418","0x23Dd15D297Df117942f25504c36b5099d9138FFA"
"419","0xD7f104A19044Ca8eF4C3DaFa879b68B9478AD9EA"
"420","0x3C19bf97968A74ebe7a32099e2634d7D8835Bc6B"
"421","0xf18C94B54462398B31337eD949D33ECE9c8FB701"
"422","0x92d112d0dcac2C145EdbEdE9cBa4934EE329Cd2F"
"423","0xC81F9cC597b2e7C20b18359b3A5E243e721217f3"
"424","0x0dE58e62799080BcDEE82ac9c61B849Aa21eA619"
"425","0x465D1B770ff481dBEf509A74570A3dAF96fc8c53"
"426","0x2a97c74B320B7A354D6Ecb144db4FC77b7895861"
"427","0x677A77E5c3b52880F98612c6c492600B63F8A0cB"
"428","0x699d2E5618014385AEd09aaf4242D5844512af3B"
"429","0xDC7F2cA1D589fAAAE5E15e151D0d0DFdA2F179C4"
"430","0x7d040064Fd106c12d3602f9302a269D70fDDFe08"
"431","0x95DC28b6197f744ccD5E16f2CB9E0A04E007A1A1"
"432","0x94754F956b94472C05d94c7b1F9C015092C02518"
"433","0x6E03434B3af582b5e87bbc364c55F8bF3A8243ae"
"434","0x40003e4EFF8eaE95767D9d402F54BdF3d02e2914"
"435","0x7e47036510131ca0F45c675f1a6790dC59e5d028"
"436","0xBB357127A0e9D5f04E6333bfEfDc56f085D0E9A6"
"437","0x7629fdF0f2DdDC0c7784D8Bbd930E7F4C95AfB4c"
"438","0xd3C11be114D0446041d96400F1B4B73da2cA3c8A"
"439","0x31549862b26119c69fe2F0F9034a13a6159e75B3"
"440","0xF1AF68687455EA1998Cff134b29A4F1Ed2905F5e"
"441","0x808AA3574F2f5d64f89173A72796755904ee94eC"
"442","0x808AA3574F2f5d64f89173A72796755904ee94eC"
"443","0x442144657eDac7a3DD03D04dD8Ad6585C76A622E"
"444","0x2581251d1c62643e12FD81E1E43a59BD1550381B"
"445","0x442144657eDac7a3DD03D04dD8Ad6585C76A622E"
"446","0x3E692eB7888f60637837b431EeA2c6ce6Aa6d021"
"447","0xB3386bB985De77FFDeb4A5289fA1f31121760965"
"448","0xf1B1B986e7E5E009494A4075CA437e5219796d53"
"449","0xa29bB9174277cF16C22773d573D4bE63489a71ea"
"450","0xF1eF61A8841932f58F41156B9db498279DBf9464"
"451","0xcdFf6990eFc8704f927B308bd9a6aAB020877db4"
"452","0x68E95767Feb4f1c02bF1D07EE450461C796149e8"
"453","0xf1B1B986e7E5E009494A4075CA437e5219796d53"
"454","0xf1B1B986e7E5E009494A4075CA437e5219796d53"
"455","0x7693129c336e90Ec2eE9c56d2e09DE2E21C6df58"
"456","0x6ff7803ecF9cd4121de70C224337aC934e2FF92e"
"457","0xF4F38ba7d4EFC069d334149058dA8ee64152cdE2"
"458","0xd53e00f8A0Ce2AD1B105C9E60f2a33EE57B66360"
"459","0x69C118191a851713f593A9B39658f9f14154Cb83"
"460","0xcA30C240F2ee07774cd6336A340be56D9FB30690"
"461","0x839fD700ED9c6eF0A4C75bb6db523085C08e30D7"
"462","0xf1B1B986e7E5E009494A4075CA437e5219796d53"
"463","0xf1B1B986e7E5E009494A4075CA437e5219796d53"
"464","0xf1B1B986e7E5E009494A4075CA437e5219796d53"
"465","0xf1B1B986e7E5E009494A4075CA437e5219796d53"
"466","0xf1B1B986e7E5E009494A4075CA437e5219796d53"
"467","0xf1B1B986e7E5E009494A4075CA437e5219796d53"
"468","0xf1B1B986e7E5E009494A4075CA437e5219796d53"
"469","0xfa463f7606315319098b11A9567102421C432001"
"470","0xfa463f7606315319098b11A9567102421C432001"
"471","0x6918ef656CF8916d8c9917913e7483992AB2e1b3"
"472","0xB0B7D6e113b53bF9Db7582Fb3FcDA2dc3E77C8F8"
"473","0xe6D27b9b852B8ECf3ffe762f8CEFa6F437AaFFfA"
"474","0xF4F38ba7d4EFC069d334149058dA8ee64152cdE2"
"475","0x5A8a1EE1Fe396fE7807072b5ada613243C79592A"
"476","0x13f6AFf01f6Bf698c8C94C858ec08cBf9761F5C9"
"477","0x251C891B056c10a60C906675658b8b67646C69Fa"
"478","0x3eDF0831C34efDD2B7109eb58855D72B2868ed85"
"479","0x4eEC0b622637c7badF2c27997bD62536DAF5D17b"
"480","0x13310bf8528A66cc48e69983b0cA2b5370c43ce3"
"481","0x8aEfA6FB7864bFBEc8d197942ad6C4C746Cd6837"
"482","0x9fc4849a9Dd69406d12d9eb9e27c720ca0d48d36"
"483","0x1E9F0401A728a45ec8c4FDd262270091DB430866"
"484","0xC0EBdaf5933ac22d3D71577F8873aC1b4847B14B"
"485","0x61c36CC2E44565402f68602DEe32279F975F1D38"
"486","0x44770401A13A5eD34fBd65e06b4EB238E9bb3FC9"
"487","0x44770401A13A5eD34fBd65e06b4EB238E9bb3FC9"
"488","0x44770401A13A5eD34fBd65e06b4EB238E9bb3FC9"
"489","0x44770401A13A5eD34fBd65e06b4EB238E9bb3FC9"
"490","0x44770401A13A5eD34fBd65e06b4EB238E9bb3FC9"
"491","0x44770401A13A5eD34fBd65e06b4EB238E9bb3FC9"
"492","0x44770401A13A5eD34fBd65e06b4EB238E9bb3FC9"
"493","0x96Ed6339D5C23D5af0a8645eeF53208A2556e883"
"494","0x42e89f471E59929A3732A084beBC2CDFdFa860e5"
"495","0x6B196Eb1187Ce7423da7641B764347dC4e5c9d3e"
"496","0x6B196Eb1187Ce7423da7641B764347dC4e5c9d3e"
"497","0xD6924A32C03d69C7a7252031c5Bb63f0552a451D"
"498","0x6a39c6e16C418Ab7226dEFD728190DE1463C9823"
"499","0x76a39C40E99Ff133f4AE346E1EDF2B19ba978977"
"500","0x76a39C40E99Ff133f4AE346E1EDF2B19ba978977"
"501","0x10896fFDE093bc97ef179BCbc3E1b357dF7a6C63"
"502","0xF9f3ef9ce74E13D3B02EF2AEF221684deb83eBEA"
"503","0x1010E2d00BeF82d83Accb67F656C33a84C4F966b"
"504","0x13310bf8528A66cc48e69983b0cA2b5370c43ce3"
"505","0x13310bf8528A66cc48e69983b0cA2b5370c43ce3"
"506","0x13310bf8528A66cc48e69983b0cA2b5370c43ce3"
"507","0xB130980c6753a4DB89018A793859c15DeF7AFc03"
"508","0x69b2fAa4b3aA5acC3c938DC2fDA1fF007EF7E70A"
"509","0x072E7ad48a71EEfe840F8b08a9d810349F5fF201"
"510","0x7629fdF0f2DdDC0c7784D8Bbd930E7F4C95AfB4c"
"511","0xcF8b1bc0b78D79D881752416AAad32DffF88BB39"
"512","0xefB425409d8aF361f08Daa40c156De0baFA03feD"
"513","0x3cc517EC1Cf51B91C8AdaCd169BEefA8A3032Edd"
"514","0x7693129c336e90Ec2eE9c56d2e09DE2E21C6df58"
"515","0x1Faef1dfe7a6Be07E4a491882a75353B3e7e11E2"
"516","0x0cA805C31bF6F81AfdD66c4CEeb75459C161741B"
"517","0x7903Ec9b79e2FD9c196bA205Bc278F693a39755B"
"518","0x0e1A32913D45D659D7E96E3B68c72340dB4dc541"
"519","0x6B196Eb1187Ce7423da7641B764347dC4e5c9d3e"
"520","0x3C07502852Fc00986920F90A5b7a652bCe6C0d3E"
"521","0x3C07502852Fc00986920F90A5b7a652bCe6C0d3E"
"522","0x3C07502852Fc00986920F90A5b7a652bCe6C0d3E"
"523","0x005313ff6A103e75e220Da2A182b358f995cF53a"
"524","0xD9EC7619aaD21DA41E30c70e9264FfF21628AFAC"
"525","0x6B196Eb1187Ce7423da7641B764347dC4e5c9d3e"
"526","0xC81F9cC597b2e7C20b18359b3A5E243e721217f3"
"527","0xC81F9cC597b2e7C20b18359b3A5E243e721217f3"
"528","0xC81F9cC597b2e7C20b18359b3A5E243e721217f3"
"529","0xC81F9cC597b2e7C20b18359b3A5E243e721217f3"
"530","0xF84642dae8710bc395aa238D2bcB88CC2a847ead"
"531","0x19A8eB69a35d5fC579a273Df0B1e1414e84D05E0"
"532","0xE5f610E01F4aE824E5C605c0DdBD39c1A26C6298"
"533","0xE5f610E01F4aE824E5C605c0DdBD39c1A26C6298"
"534","0xE5f610E01F4aE824E5C605c0DdBD39c1A26C6298"
"535","0xc6F7926Bb19D161d5751aB822BfC153BD5fe631A"
"536","0xF84642dae8710bc395aa238D2bcB88CC2a847ead"
"537","0x3655ab8693dE83cCCBea2b67E0a65C6f3a5ec3aE"
"538","0x3655ab8693dE83cCCBea2b67E0a65C6f3a5ec3aE"
"539","0x3655ab8693dE83cCCBea2b67E0a65C6f3a5ec3aE"
"540","0x3655ab8693dE83cCCBea2b67E0a65C6f3a5ec3aE"
"541","0x3655ab8693dE83cCCBea2b67E0a65C6f3a5ec3aE"
"542","0x3655ab8693dE83cCCBea2b67E0a65C6f3a5ec3aE"
"543","0xB0fC0856dEC46e107De0AE34D184F47C69A65853"
"544","0x4400a6c1264a709deCC925fF2d4b1BDbf07765Ea"
"545","0xB0fC0856dEC46e107De0AE34D184F47C69A65853"
"546","0x0c82b931A80f05B7441cb659A63FD19Ba8ccd913"
"547","0x4400a6c1264a709deCC925fF2d4b1BDbf07765Ea"
"548","0x4400a6c1264a709deCC925fF2d4b1BDbf07765Ea"
"549","0x4400a6c1264a709deCC925fF2d4b1BDbf07765Ea"
"550","0x4400a6c1264a709deCC925fF2d4b1BDbf07765Ea"
"551","0xE32815835B6e8ea147a9577BBD72b87c7bBbcE85"
"552","0xFA3cc60aE66c2b071F79a07214A352F379606EA5"
"553","0xFA3cc60aE66c2b071F79a07214A352F379606EA5"
"554","0x6B196Eb1187Ce7423da7641B764347dC4e5c9d3e"
"555","0x55e7b940b7CA848b08A9328b7abE6D8Dd686cf30"
"556","0x13ef80A438ea208bc78eedA3c418Bb53534F004E"
"557","0xccf21b036439a691B270ED46376A428a1cEE3418"
"558","0xE7721Acb29D3DbD289c3AE1719e7f5B25Ec850bF"
"559","0x280440f8909ca1421565433455ef0F03C986d168"
"560","0xbDF0d29d2d72c3784fcAaBa5ce5DDF6e48CB12b4"
"561","0xCcF76be42AAdC354212592dB8BFAd51f7eB00EB6"
"562","0x62415Cb71B46f746b22E59Def6E0533C2d4bFFaf"
"563","0xc076795AbfaAc7cF8e9C030275Ab72CFE756C55b"
"564","0x0634b3a5A14cc1C393DBFBbbdCeC29802b6A9daa"
"565","0x16d97008622473e4c1324d1e6D4Fa15eB89D0725"
"566","0xE765181e8cc82c948912B6C4167a7037F8C34EA4"
"567","0x42e89f471E59929A3732A084beBC2CDFdFa860e5"
"568","0xC48cfcb9f819C1c8Ef2bB04586f0D32bE332303f"
"569","0x6B196Eb1187Ce7423da7641B764347dC4e5c9d3e"
"570","0xFA3cc60aE66c2b071F79a07214A352F379606EA5"
"571","0xFA3cc60aE66c2b071F79a07214A352F379606EA5"
"572","0x2F03CdF71de167350b9655048c5EB895c78E446f"
"573","0x808AA3574F2f5d64f89173A72796755904ee94eC"
"574","0x7e47036510131ca0F45c675f1a6790dC59e5d028"
"575","0x13ef80A438ea208bc78eedA3c418Bb53534F004E"
"576","0x7903Ec9b79e2FD9c196bA205Bc278F693a39755B"
"577","0xccf21b036439a691B270ED46376A428a1cEE3418"
"578","0xA24403bCBE864Dc3768fDBe637C251C4a3DE8eD9"
"579","0xA24403bCBE864Dc3768fDBe637C251C4a3DE8eD9"
"580","0x080461e636084A5aFf38D2f9A2cdCfAF33c797b1"
"581","0x94EDCC02b3Db4F426b064AaC8a69E8881741703C"
"582","0x94EDCC02b3Db4F426b064AaC8a69E8881741703C"
"583","0x410444AFe57d48DA53895e88a3DC02584e692bE8"
"584","0x410444AFe57d48DA53895e88a3DC02584e692bE8"
"585","0x410444AFe57d48DA53895e88a3DC02584e692bE8"
"586","0x410444AFe57d48DA53895e88a3DC02584e692bE8"
"587","0x410444AFe57d48DA53895e88a3DC02584e692bE8"
"588","0x07dbD92bf686c5b60c1Db96bB66A90bd6af556F0"
"589","0xca5fef64A113b6aa077Df72ecc4edee75ca7a66f"
"590","0xeA4AAA5B737f9A1199975c810A2E29Af9ecB6C7C"
"591","0xC2677630D5Ed5aeBAC0C42C3d7A1c7dAeCA2E71A"
"592","0x83484e1CEC6CC8d9e03C0D30c98377418EE3e5DF"
"593","0x0FE12C41Ab2816c4b819F15ca6a9aE869dB4Be2E"
"594","0xccf21b036439a691B270ED46376A428a1cEE3418"
"595","0x7349A9B722B50e5eB18d6B053302C0d452d44e39"
"596","0x84c0b35B81F3C0cB78226F68bb995B906093e477"
"597","0x84c0b35B81F3C0cB78226F68bb995B906093e477"
"598","0x84c0b35B81F3C0cB78226F68bb995B906093e477"
"599","0x40BAd26432912b416CD5F665b99812c5E9729834"
"600","0x07dbD92bf686c5b60c1Db96bB66A90bd6af556F0"
"601","0xccf21b036439a691B270ED46376A428a1cEE3418"
"602","0x733b4729880f173CA9480f7AF7901C2857932a83"
"603","0xa81ccB74081f5030Fc12D270b965C4eD964b92fa"
"604","0xE5060c7B93AbcD6bCbE7B62E5A69bd69fFEAF1c5"
"605","0x38E18CdBC84965E6b287416C30A639285FB7e1EC"
"606","0xd13BceC1aF5B48216AFAc3E403D4FBA0D919c0eB"
"607","0xB1FFf80AA0a35b3D1448A794DB44d444f2Ed17ac"
"608","0xAf799f8Aa491D5f8287FE41ff59D9eB555249dC2"
"609","0x072E7ad48a71EEfe840F8b08a9d810349F5fF201"
"610","0x928d6b6F7B7eFDe54a87a275dc32069bb8ba4597"
"611","0xC58C36BFF565E4e9597f665759D75428868C0473"
"612","0xfdF4064c52339A9d6fc66D9E583Cd0Ef19D04Ffe"
"613","0x0c37139daF4563Ed4375f333252dFda3Ce234283"
"614","0x68E95767Feb4f1c02bF1D07EE450461C796149e8"
"615","0x14fD08EF4E5687627649b2BBAb661FEd3d86b05D"
"616","0x7C649DDE7E88d8a9D9fA5fF63Df63482Ed01D270"
"617","0xbfa4BF7f3eb032f65Fd80133DF09e2a79BBCccE5"
"618","0x6918ef656CF8916d8c9917913e7483992AB2e1b3"
"619","0xb1e16AC1072acDEAE7100519197ac54B27248a68"
"620","0xcdFf6990eFc8704f927B308bd9a6aAB020877db4"
"621","0xe90D9Ce0a4D18673A4B85CD83Fd6F8E0002B1548"
"622","0x67b57C4C19CBbaA5178946fc15613405708CB536"
"623","0xA5E6FB71B8896d3d59321eDF6552B6Dfe758FF9a"
"624","0xA5E6FB71B8896d3d59321eDF6552B6Dfe758FF9a"
"625","0x2581251d1c62643e12FD81E1E43a59BD1550381B"
"626","0x7f9d3D5E79f76d2B665494bfFFEEB709DF0230FA"
"627","0x2581251d1c62643e12FD81E1E43a59BD1550381B"
"628","0x2581251d1c62643e12FD81E1E43a59BD1550381B"
"629","0x2581251d1c62643e12FD81E1E43a59BD1550381B"
"630","0x2581251d1c62643e12FD81E1E43a59BD1550381B"
"631","0x9227C0418D3EED05dD5733959196730AC6186011"
"632","0x9227C0418D3EED05dD5733959196730AC6186011"
"633","0x7829f95B15ec62838EB90c37730De2ECf296624E"
"634","0x3C19bf97968A74ebe7a32099e2634d7D8835Bc6B"
"635","0xC0eB538782a232b17E5111Cf113ADfa76Fa3f3BE"
"636","0x2581251d1c62643e12FD81E1E43a59BD1550381B"
"637","0x2b71571e4426b3Fc0307B4712B67E6fdEa628edD"
"638","0x9B01cAAf67733ec4eaBb748f6A481A6476e7dEE4"
"639","0xe59B16a1216a7c9FB6e7F73616318Be497cE6d6f"
"640","0xccf21b036439a691B270ED46376A428a1cEE3418"
"641","0x455D5B4292FdCe4487058A2fE7C64774A35A5399"
"642","0x59c98dfEdB4eF2a0c250ED0EAE2AeC70956c124b"
"643","0xFF9839c70e2DC9cfCB327D461302203Fab4F96fE"
"644","0x0BD40FC4e28D0c61608C5485A763A124E1dCb40a"
"645","0x0BD40FC4e28D0c61608C5485A763A124E1dCb40a"
"646","0x0BD40FC4e28D0c61608C5485A763A124E1dCb40a"
"647","0x0BD40FC4e28D0c61608C5485A763A124E1dCb40a"
"648","0x0BD40FC4e28D0c61608C5485A763A124E1dCb40a"
"649","0x0BD40FC4e28D0c61608C5485A763A124E1dCb40a"
"650","0x0BD40FC4e28D0c61608C5485A763A124E1dCb40a"
"651","0x0BD40FC4e28D0c61608C5485A763A124E1dCb40a"
"652","0x5df5DE0bC0aa95021d45bFEd0A19516De2d3ceE8"
"653","0x455D5B4292FdCe4487058A2fE7C64774A35A5399"
"654","0x455D5B4292FdCe4487058A2fE7C64774A35A5399"
"655","0x455D5B4292FdCe4487058A2fE7C64774A35A5399"
"656","0x455D5B4292FdCe4487058A2fE7C64774A35A5399"
"657","0x455D5B4292FdCe4487058A2fE7C64774A35A5399"
"658","0x455D5B4292FdCe4487058A2fE7C64774A35A5399"
"659","0x455D5B4292FdCe4487058A2fE7C64774A35A5399"
"660","0x5df5DE0bC0aa95021d45bFEd0A19516De2d3ceE8"
"661","0x5df5DE0bC0aa95021d45bFEd0A19516De2d3ceE8"
"662","0x5df5DE0bC0aa95021d45bFEd0A19516De2d3ceE8"
"663","0x5df5DE0bC0aa95021d45bFEd0A19516De2d3ceE8"
"664","0x5df5DE0bC0aa95021d45bFEd0A19516De2d3ceE8"
"665","0x5df5DE0bC0aa95021d45bFEd0A19516De2d3ceE8"
"666","0x5df5DE0bC0aa95021d45bFEd0A19516De2d3ceE8"
"667","0x556b8676DFb439f73C239df035b5F62f2d7ff7AB"
"668","0x556b8676DFb439f73C239df035b5F62f2d7ff7AB"
"669","0x556b8676DFb439f73C239df035b5F62f2d7ff7AB"
"670","0x556b8676DFb439f73C239df035b5F62f2d7ff7AB"
"671","0x556b8676DFb439f73C239df035b5F62f2d7ff7AB"
"672","0x556b8676DFb439f73C239df035b5F62f2d7ff7AB"
"673","0x556b8676DFb439f73C239df035b5F62f2d7ff7AB"
"674","0x84EBdd881e91ba8f8752F88c4a9bE58A242D7c20"
"675","0x2581251d1c62643e12FD81E1E43a59BD1550381B"
"676","0x2581251d1c62643e12FD81E1E43a59BD1550381B"
"677","0x67b57C4C19CBbaA5178946fc15613405708CB536"
"678","0x7629fdF0f2DdDC0c7784D8Bbd930E7F4C95AfB4c"
"679","0x0A0C70C665fa13E2e25f82302FCb00FbDFb8a11c"
"680","0xf1B1B986e7E5E009494A4075CA437e5219796d53"
"681","0xf1B1B986e7E5E009494A4075CA437e5219796d53"
"682","0x98B28253C4d783cE7D40C18d86965d8CA95c9082"
"683","0xB00DbfB0FB1a80960b29179Eb2E96106E6426efD"
"684","0xDFBe654C7079aE9799a5E5F69357f8499Cb47ba6"
"685","0x8103730A0A2FcC88B0923e3a73E1b785598C7282"
"686","0xDFBe654C7079aE9799a5E5F69357f8499Cb47ba6"
"687","0xDFBe654C7079aE9799a5E5F69357f8499Cb47ba6"
"688","0xDFBe654C7079aE9799a5E5F69357f8499Cb47ba6"
"689","0x9754Bd2BAf090e44dC8Cab337cC7EF4930510AE1"
"690","0x2b71571e4426b3Fc0307B4712B67E6fdEa628edD"
"691","0xB4a617AAEa22f134C914469bF7aD0813eAC103e6"
"692","0x1Efe5BcC0B1472Dad28BF4c327F1E6fcfc38973e"
"693","0x623F7bd1A86a0fa46D519B17286519137Da658de"
"694","0x623F7bd1A86a0fa46D519B17286519137Da658de"
"695","0x623F7bd1A86a0fa46D519B17286519137Da658de"
"696","0xbd9A8935520f78C4f3660e490f9434efe116109F"
"697","0x11F2FC97CDD8E9864B3AAf6eE3f70451dDD623eB"
"698","0x839fD700ED9c6eF0A4C75bb6db523085C08e30D7"
"699","0x839fD700ED9c6eF0A4C75bb6db523085C08e30D7"
"700","0x839fD700ED9c6eF0A4C75bb6db523085C08e30D7"
"701","0xAcd5C2A88721925054DFe868Ef5e3f6FA63f6e16"
"702","0xAcd5C2A88721925054DFe868Ef5e3f6FA63f6e16"
"703","0xAcd5C2A88721925054DFe868Ef5e3f6FA63f6e16"
"704","0xAcd5C2A88721925054DFe868Ef5e3f6FA63f6e16"
"705","0xAcd5C2A88721925054DFe868Ef5e3f6FA63f6e16"
"706","0xAcd5C2A88721925054DFe868Ef5e3f6FA63f6e16"
"707","0xAcd5C2A88721925054DFe868Ef5e3f6FA63f6e16"
"708","0x736185eDb1f64dad7e063753622d6EC5881Cd8fb"
"709","0x736185eDb1f64dad7e063753622d6EC5881Cd8fb"
"710","0x736185eDb1f64dad7e063753622d6EC5881Cd8fb"
"711","0x736185eDb1f64dad7e063753622d6EC5881Cd8fb"
"712","0x736185eDb1f64dad7e063753622d6EC5881Cd8fb"
"713","0x736185eDb1f64dad7e063753622d6EC5881Cd8fb"
"714","0x736185eDb1f64dad7e063753622d6EC5881Cd8fb"
"715","0xB00DbfB0FB1a80960b29179Eb2E96106E6426efD"
"716","0xB00DbfB0FB1a80960b29179Eb2E96106E6426efD"
"717","0xB00DbfB0FB1a80960b29179Eb2E96106E6426efD"
"718","0xB00DbfB0FB1a80960b29179Eb2E96106E6426efD"
"719","0xB00DbfB0FB1a80960b29179Eb2E96106E6426efD"
"720","0xB00DbfB0FB1a80960b29179Eb2E96106E6426efD"
"721","0xB00DbfB0FB1a80960b29179Eb2E96106E6426efD"
"722","0xE70151B4cEC11e45e8E6DD68C14e9D3BCf83A65B"
"723","0xE70151B4cEC11e45e8E6DD68C14e9D3BCf83A65B"
"724","0xE70151B4cEC11e45e8E6DD68C14e9D3BCf83A65B"
"725","0xE70151B4cEC11e45e8E6DD68C14e9D3BCf83A65B"
"726","0xE70151B4cEC11e45e8E6DD68C14e9D3BCf83A65B"
"727","0xE70151B4cEC11e45e8E6DD68C14e9D3BCf83A65B"
"728","0xE70151B4cEC11e45e8E6DD68C14e9D3BCf83A65B"
"729","0xbDF0d29d2d72c3784fcAaBa5ce5DDF6e48CB12b4"
"730","0xb8B5Ded5099fEaBa59F4a25FF056deADD3577b4c"
"731","0xE70151B4cEC11e45e8E6DD68C14e9D3BCf83A65B"
"732","0xb8B5Ded5099fEaBa59F4a25FF056deADD3577b4c"
"733","0xb8B5Ded5099fEaBa59F4a25FF056deADD3577b4c"
"734","0xb8B5Ded5099fEaBa59F4a25FF056deADD3577b4c"
"735","0xb8B5Ded5099fEaBa59F4a25FF056deADD3577b4c"
"736","0xb8B5Ded5099fEaBa59F4a25FF056deADD3577b4c"
"737","0x99A7130dc775dB71E5252dE59F0f156DF1B96d89"
"738","0x99A7130dc775dB71E5252dE59F0f156DF1B96d89"
"739","0x99A7130dc775dB71E5252dE59F0f156DF1B96d89"
"740","0x99A7130dc775dB71E5252dE59F0f156DF1B96d89"
"741","0x99A7130dc775dB71E5252dE59F0f156DF1B96d89"
"742","0x99A7130dc775dB71E5252dE59F0f156DF1B96d89"
"743","0x99A7130dc775dB71E5252dE59F0f156DF1B96d89"
"744","0x99A7130dc775dB71E5252dE59F0f156DF1B96d89"
"745","0x99A7130dc775dB71E5252dE59F0f156DF1B96d89"
"746","0x99A7130dc775dB71E5252dE59F0f156DF1B96d89"
"747","0x99A7130dc775dB71E5252dE59F0f156DF1B96d89"
"748","0x99A7130dc775dB71E5252dE59F0f156DF1B96d89"
"749","0x99A7130dc775dB71E5252dE59F0f156DF1B96d89"
"750","0x99A7130dc775dB71E5252dE59F0f156DF1B96d89"
"751","0x99A7130dc775dB71E5252dE59F0f156DF1B96d89"
"752","0x99A7130dc775dB71E5252dE59F0f156DF1B96d89"
"753","0x99A7130dc775dB71E5252dE59F0f156DF1B96d89"
"754","0x99A7130dc775dB71E5252dE59F0f156DF1B96d89"
"755","0x99A7130dc775dB71E5252dE59F0f156DF1B96d89"
"756","0x99A7130dc775dB71E5252dE59F0f156DF1B96d89"
"757","0x99A7130dc775dB71E5252dE59F0f156DF1B96d89"
"758","0x99A7130dc775dB71E5252dE59F0f156DF1B96d89"
"759","0x99A7130dc775dB71E5252dE59F0f156DF1B96d89"
"760","0x99A7130dc775dB71E5252dE59F0f156DF1B96d89"
"761","0x99A7130dc775dB71E5252dE59F0f156DF1B96d89"
"762","0x99A7130dc775dB71E5252dE59F0f156DF1B96d89"
"763","0x99A7130dc775dB71E5252dE59F0f156DF1B96d89"
"764","0x99A7130dc775dB71E5252dE59F0f156DF1B96d89"
"765","0x99A7130dc775dB71E5252dE59F0f156DF1B96d89"
"766","0x99A7130dc775dB71E5252dE59F0f156DF1B96d89"
"767","0x99A7130dc775dB71E5252dE59F0f156DF1B96d89"
"768","0x99A7130dc775dB71E5252dE59F0f156DF1B96d89"
"769","0x99A7130dc775dB71E5252dE59F0f156DF1B96d89"
"770","0x99A7130dc775dB71E5252dE59F0f156DF1B96d89"
"771","0x99A7130dc775dB71E5252dE59F0f156DF1B96d89"
"772","0x99A7130dc775dB71E5252dE59F0f156DF1B96d89"
"773","0x99A7130dc775dB71E5252dE59F0f156DF1B96d89"
"774","0x99A7130dc775dB71E5252dE59F0f156DF1B96d89"
"775","0x99A7130dc775dB71E5252dE59F0f156DF1B96d89"
"776","0x99A7130dc775dB71E5252dE59F0f156DF1B96d89"
